row_number,vendor_name,department,cost_usd,description,suggestion,classification_confidence,brand_group,classification_notes
2,Salesforce Uk Ltd-Uk,Sales,3117225.8877216,"Enterprise CRM platform powering Sales pipeline, opportunity management and revenue operations",CONSOLIDATE,H,Salesforce,
3,Navan (Tripactions Inc),G&A,357983.6164072,Global corporate travel and expense management platform,CONSOLIDATE,H,Navan / TripActions,Two entries for one vendor — combined spend ~$415.9K; normalise before reporting
4,Bdo Llp,Finance,343081.3853496,"External audit, accounting and business advisory firm (UK Big 4-tier)",CONSOLIDATE,H,,
5,Tog Uk Properties Limited,Facilities,263821.1593744,Commercial office property and workspace landlord (UK),OPTIMIZE,H,,
6,Cloudcrossing Bvba,Sales,208675.1466944,"Salesforce-native document generation tool (PDF Butler) for sales quotes, proposals and contracts",CONSOLIDATE,M,Cloudcrossing / PDF Butler,Strategy A: Salesforce AppExchange add-on → aligns with Salesforce Sales classification. Verify at integration diligence.
7,Zagrebtower D.O.O.,Facilities,183754.4183896,"Commercial office tower and workplace provider (Zagreb, Croatia)",OPTIMIZE,H,,
8,Innovent Spaces Private Limited,Facilities,147347.8039136,Coworking and serviced office space provider (India),OPTIMIZE,H,,
9,Weking D.O.O.,Facilities,144093.201148,Commercial property and office space provider (Croatia),OPTIMIZE,H,,
10,Jensten Insurance Brokers,G&A,142699.7305688,Corporate insurance broker managing employee and company-wide insurance policies,CONSOLIDATE,H,,
11,Gpt Space & Co,Facilities,133506.776816,Commercial office and event space provider (Australia),OPTIMIZE,H,,
12,Aetna Life And Casualty Ltd,G&A,124661.4588432,Employee health and life insurance provider,CONSOLIDATE,H,,
13,Rsm Uk Corporate Finance Llp,M&A,117077.8757856,"Specialist M&A deal advisory — sell/buy-side transactions, due diligence and valuations (separate legal entity from RSM audit/tax)",TERMINATE,H,,"Confirmed via Companies House (OC325347): exclusive M&A advisory LLP, not standard accounting"
14,Amazon Web Services Llc,Engineering,106399.2364888,Cloud infrastructure and compute services underpinning the product and SDLC (AWS),OPTIMIZE,H,Amazon Web Services / Amazon,
15,Telefonica Global Services Gmbh,Facilities,89879.5842232,International office telecommunications and connectivity services,CONSOLIDATE,H,,
16,Hr Solution International Gmbh,G&A,80822.7573232,"Global HR staffing, administration and workforce management services",CONSOLIDATE,H,HRsolution International,
17,4I Advisory Services,M&A,71860.3409824,M&A and financial restructuring advisory services including deal-related tax structuring,TERMINATE,M,4I Group,Strategy A: firm specialises in M&A + tax advisory; active deal context in dataset. If purely routine tax → reclassify to Finance.
18,Bisley Law Ltd,Legal,67414.2623224,"UK commercial law firm providing legal advice, representation and contract management",OPTIMIZE,H,,
19,Infosys,Professional Services,66570.422208,"Global IT services, technology consulting and outsourcing firm",CONSOLIDATE,H,,
20,Big Frontier Pty Ltd (Cult Of Monday),G&A,66131.303328,"People and culture advisory, executive coaching and leadership development firm (Australia)",CONSOLIDATE,M,,"Strategy A: People & Culture advisory + executive search → HR/people function → G&A. If engagement was function-specific recruitment, reclassify."
21,Harmonic Group Limited,Professional Services,65417.735148,Management consulting and business transformation firm (UK; acquired by KBR 2021),CONSOLIDATE,H,,
22,Wework Singapore Pte. Ltd.,Facilities,64373.3640784,Coworking and serviced office space provider (Singapore),OPTIMIZE,H,,
23,Cloud Technology Solutions Ltd,Professional Services,60661.3458128,IT consulting and Google Cloud platform implementation services,CONSOLIDATE,H,,
24,"Navan, Inc",G&A,57929.2945144,Corporate travel and expense management platform (US entity — same vendor as Navan/TripActions),CONSOLIDATE,H,Navan / TripActions,Two entries for one vendor (Navan/TripActions Inc + Navan Inc) — combined spend ~$415.9K; normalise before any recommendation.
25,Tmforum,Professional Services,57560.4346552,"Telecoms industry association providing standards, benchmarking and advisory resources",CONSOLIDATE,M,,Industry body membership — classified Professional Services; note TM Forum appears twice (also row 249 at $510)
26,Linkedin Ireland Limited,Marketing,55572.6898584,"Professional network platform for demand generation, employer branding and talent marketing",CONSOLIDATE,M,,Default Marketing; flip to Sales if LinkedIn Sales Navigator is primary product (insufficient data to confirm)
27,Kimble Applications Ltd,Professional Services,52825.2693992,Professional services automation (PSA) platform for project delivery and resource management,CONSOLIDATE,H,,
28,Sage Uk Limited,Finance,46894.9689248,Cloud accounting and financial management software,CONSOLIDATE,H,,
29,Grant Thornton,Finance,46538.5507672,"Business advisory and accounting firm providing audit, tax and financial advisory services",CONSOLIDATE,H,,Flagged as possible individual name — false positive; Grant Thornton is a major accounting firm
30,"Sveuä_x008d_Iliå¡Te U Zagrebu, Studentski Centar",Facilities,44299.0444792,University of Zagreb student center — likely conference/event venue or accommodation,OPTIMIZE,R,,"Encoding corrupted (expected: 'Sveučilište U Zagrebu, Studentski Centar'). Classified Facilities based on context (university venue). Verify decoded name before finalising."
31,Ss&C Intralinks Inc,M&A,39966.4048632,Virtual data room platform for M&A due diligence and secure deal document management,TERMINATE,H,,
32,Veniture D.O.O.,Professional Services,39342.1241888,Business consulting and venture advisory services (Croatia),CONSOLIDATE,M,,
33,Accutrainee Limited,Professional Services,38840.7968008,"Professional training, talent development and graduate recruitment services",CONSOLIDATE,H,,
34,Mason Frank International Ltd,Professional Services,38147.7208352,Salesforce and cloud technology specialist recruitment and staffing agency,CONSOLIDATE,H,,
35,"Houlihan Lokey Advisors, Llc",M&A,37461.2316528,Investment bank providing M&A financial advisory and business valuation services,TERMINATE,H,,
36,Vector Capital Management Lp,M&A,32426.7336936,Private equity investment management and M&A advisory,TERMINATE,H,,
37,Hubspot Ireland Limited,Marketing,32187.413904,"Inbound marketing platform, CRM and marketing automation suite",CONSOLIDATE,H,,HubSpot presence confirms Salesforce is not being used for Marketing Cloud (two overlapping tools would be redundant)
38,Nefron - Obrt Za Poslovne Usluge,Professional Services,30613.904584,Business services and operational support provider (Croatia),CONSOLIDATE,M,,
39,"Planful, Inc.",Finance,27741.335243999998,Financial planning and analysis (FP&A) and budgeting software platform,CONSOLIDATE,H,,
40,Cognism Limited,Sales,27013.129768,"B2B sales intelligence, lead prospecting and contact data platform",CONSOLIDATE,H,,
41,Uberflip,Marketing,26090.98012,Content experience platform for personalised sales and marketing content delivery,CONSOLIDATE,H,,
42,Agram Life Osiguranje D.O.O.,G&A,24952.1984912,Employee life and health insurance provider (Croatia),CONSOLIDATE,H,,
43,Google Ireland Limited,SaaS,24797.7750184,Google Workspace productivity and collaboration suite (company-wide),CONSOLIDATE,M,,Assumed Google Workspace (SaaS); flip to Engineering if Google Cloud Platform is primary product
44,Zuric I Partneri Odvjetnicko Drustvo D.O.O.,Legal,24135.4373744,Croatian commercial law firm providing legal advice and representation,OPTIMIZE,H,,
45,Care Health Insurance Company Limited,G&A,24044.6861392,Employee health insurance provider,CONSOLIDATE,H,,
46,New Star Networks(Nsn),Facilities,23886.603342399998,Network and telecommunications infrastructure services,CONSOLIDATE,M,,
47,Bupa- Supplier,G&A,22799.784114399998,Employee health insurance and benefits provider,CONSOLIDATE,H,Bupa Group,Flagged as possible individual name — false positive; Bupa is a global health insurance provider
48,Shree Info System Solutions Pvt Ltd,Engineering,22275.0370528,IT systems and software solutions provider (India),OPTIMIZE,M,,
49,Technet It Recruitment,Engineering,21952.284676,IT and technology specialist recruitment agency,OPTIMIZE,M,,Explicitly IT/tech recruitment → Engineering per edge case rule
50,Mightyhive Ltd,Marketing,19041.6583664,"Digital marketing, programmatic advertising and marketing analytics agency",CONSOLIDATE,H,,
51,Cedar Recruitment Ltd,G&A,18537.4035192,General recruitment and talent acquisition agency (company-wide),CONSOLIDATE,H,,
52,Eurofast International Ltd-Greec,Finance,18164.1524712,"International payroll processing, accounting and corporate administration services",CONSOLIDATE,H,,
53,Hrvatski Telekom D.D.,Facilities,18084.379208,National telecommunications provider — office connectivity and communications (Croatia),CONSOLIDATE,H,,
54,Sodexo Svc India Private Limited,Facilities,17809.929908,Facilities management and corporate catering services for office (India),OPTIMIZE,H,,
55,Peakon Aps,G&A,17108.0715648,Employee engagement analytics and sentiment measurement platform (Workday Peakon),CONSOLIDATE,H,,Flagged as possible individual name — false positive; Peakon Aps is an employee engagement SaaS company
56,Plus Your Business Ltd,Marketing,17073.6739192,Digital marketing and Google Business profile optimisation services,CONSOLIDATE,H,,
57,Benefit Systems D.O.O.,G&A,16900.2219616,Employee benefits platform and MultiSport wellness program provider (Croatia),CONSOLIDATE,H,,
58,Smart Group Services D.O.O.,Professional Services,16438.4152728,Business services and operational support provider (Croatia),CONSOLIDATE,M,,
59,Jones Lang Lasalle (Nsw) Pty Ltd,Facilities,16274.4775576,"Commercial property management and real estate advisory services (JLL, Australia)",OPTIMIZE,H,,
60,"Workato, Inc.",Engineering,16101.025599999999,Enterprise integration and workflow automation platform,OPTIMIZE,M,,Integration platform typically IT/Engineering-governed; reclassify to SaaS if business-user-led automations dominate
61,Konzum Plus D.O.O.,Facilities,15683.862664,Supermarket / food and beverage supplies for office catering (Croatia — Konzum retail chain),OPTIMIZE,M,,
62,Westbrook Advisers,Legal,15360.3784224,Commercial legal advisory services for board and senior management,OPTIMIZE,M,,Strategy B: Legal vs Professional Services ambiguity irrelevant at T3 ($15K). Legal is more precise fit.
63,Work Easy Space Solutions Private Limited,Facilities,14913.209029599999,Coworking and serviced office space provider (India),OPTIMIZE,H,,
64,"Taxstudio, Ltd.",Finance,14642.419053599999,Specialist tax advisory and compliance services,CONSOLIDATE,H,,
65,Pingo D.O.O.,Facilities,14508.487795199999,Catering or hospitality services for office (Croatia),OPTIMIZE,L,,
66,Magazin Raunalni Sistemi D.O.O.,Engineering,13870.301689599999,IT equipment and computing systems supplier (Croatia — 'Računalni Sistemi' = Computer Systems),OPTIMIZE,M,,Encoding may be partially corrupted ('Raunalni' → 'Računalni')
67,Tp Prime D.O.O.,G&A,13785.4053728,Business services provider (Croatia — primary service unconfirmed),CONSOLIDATE,L,,
68,Granttree Limited,Finance,13658.7927624,R&D tax credits advisory and government funding specialist (UK),CONSOLIDATE,H,,
69,Cigna Sg,G&A,13248.9484744,Employee health insurance provider (Singapore — Cigna group),CONSOLIDATE,H,,Flagged as possible individual name — false positive; Cigna is a global health insurance company
70,Collards Chartered Accountants,Finance,12878.6248856,"Chartered accountants providing audit, tax and accounting services",CONSOLIDATE,H,,
71,Bupa Australia,G&A,12462.9256792,Employee health insurance provider (Australia),CONSOLIDATE,H,Bupa Group,
72,4I Management Consulting Private Limited,Professional Services,12117.4854936,Management consulting services (India entity of the 4I Group),CONSOLIDATE,L,4I Group,Strategy A: 'Management Consulting' in entity name signals operational BAU work rather than deal advisory. Immaterial at $12K.
73,"Grad Zagreb, Gradski Ured Za Prostorno Ureä‘Enje,..",G&A,11636.650319999999,Vendor not in classification lookup — assigned G&A as fallback,CONSOLIDATE,L,,"UNMATCHED: vendor 'Grad Zagreb, Gradski Ured Za Prostorno Ureä‘Enje,..' not found in lookup table; G&A assigned as fallback"
74,Bijeli Pijesak Obrt Za Poslovno Savjetovanje,Professional Services,11605.180133599999,Business consulting and advisory services (Croatia — 'Bijeli Pijesak' = White Sand),CONSOLIDATE,L,,
75,Ramiro D.O.O.,G&A,11515.892628,General business services provider (Croatia — primary service unconfirmed from name),CONSOLIDATE,L,,
76,Visalogic Limited,Legal,11240.7114632,Global immigration and visa management services,OPTIMIZE,H,,
77,Poles Ltd - Hanbury Manor,G&A,10488.354448799999,"Hotel and event venue services — likely team offsite or client entertainment (Hanbury Manor, UK)",CONSOLIDATE,M,,
78,Shoff Darby Companies,G&A,10100.4661048,Business services provider (primary service unconfirmed from name),CONSOLIDATE,L,,
79,Emerge Development Consultancy Ltd,Professional Services,10046.3081096,Business development and growth consulting services,CONSOLIDATE,M,,
80,Performancepro,G&A,10017.765382399999,Employee performance management and appraisal software platform,CONSOLIDATE,M,,Flagged as possible individual name — false positive; PerformancePro is an HR tech SaaS product
81,Microsoft Ireland Operations Limited,SaaS,9821.625616,Microsoft 365 productivity and collaboration suite (company-wide),CONSOLIDATE,M,,Assumed Microsoft 365 (SaaS); flip to Engineering if Azure cloud services are the primary product
82,Catering Muring,Facilities,9602.7980408,Office catering and food services (Croatia),OPTIMIZE,H,,
83,Omonia D.O.O.,Facilities,9558.8861528,Office catering or hospitality services (Croatia),OPTIMIZE,L,,
84,Outreach Corporation,Sales,9206.127319199999,"Sales engagement, sequencing and outbound prospecting platform",CONSOLIDATE,H,,
85,Cbre Limited,Facilities,8395.221120799999,Commercial real estate brokerage and property management advisory (CBRE),OPTIMIZE,H,,
86,Studentski Centar - Split,Facilities,8269.3403752,"University student center — conference or events venue (Split, Croatia)",OPTIMIZE,M,,
87,The Guardian,G&A,8070.2731496,News media subscription for executive and company-wide news access,CONSOLIDATE,M,,
88,Intertrust Singapore Corporate Services Pte Ltd - Csc,Finance,7359.6324288,"Corporate administration, trust, fund administration and compliance services (Singapore)",CONSOLIDATE,M,,
89,Goto Technologies Uk Limited,SaaS,7316.4524056,"Remote access, conferencing and IT support platform (GoTo Meeting / GoTo)",CONSOLIDATE,H,,
90,Hrsolution International Ag,G&A,6987.1132456,HR staffing and workforce management services (Switzerland entity),CONSOLIDATE,H,HRsolution International,
91,Trello,SaaS,6673.8751112,Visual project management and team collaboration tool (cross-functional),CONSOLIDATE,H,,Flagged as possible individual name — false positive; Trello is an Atlassian project management product
92,Obrt Sjaj Sunca,Facilities,6596.297442399999,Cleaning or office maintenance services (Croatia — 'Sjaj Sunca' = Sunshine Gleam),OPTIMIZE,L,,
93,Telefã³Nica Compras Electrã³Nicas S.L.,Facilities,6157.1785623999995,Telefonica electronic procurement entity — office telecommunications or connectivity (Spain),CONSOLIDATE,R,,Encoding corrupted (expected: 'Telefónica Compras Electrónicas S.L.'). Classified Facilities as Telefonica entity. Verify decoded name.
94,Allianz Australia Workers' Compensation (Victoria) Limited,G&A,6098.6293784,"Workers compensation insurance — Victoria, Australia (Allianz group)",OPTIMIZE,H,Allianz,
95,Icici Lombard Gic Ltd,G&A,5972.0167679999995,General insurance and workers compensation provider (India — ICICI Lombard),OPTIMIZE,H,,
96,Mosaic Concept D.O.O.,Professional Services,5730.501384,Design or creative professional services (Croatia),CONSOLIDATE,L,,
97,Limes Plus D.O.O.,Facilities,5623.6491232,Office facilities or maintenance services (Croatia),OPTIMIZE,L,,
98,Mercer Limited,G&A,5443.6103824,Employee benefits consulting and HR advisory services,CONSOLIDATE,H,,
99,Acclime Corporate Services,Finance,5412.872060799999,"International corporate administration, accounting and compliance services",CONSOLIDATE,H,Acclime,
100,Green Commute Initiative,G&A,5401.8940888,Employee cycle-to-work scheme and sustainable commuting benefits programme,CONSOLIDATE,H,,
101,Tattu Manchester Limited,G&A,5366.0327136,Premium restaurant — team events and client entertainment (Manchester),CONSOLIDATE,M,,
102,Athlete Service Ltd,G&A,5284.7957208,Employee sport and wellness benefits programme,CONSOLIDATE,M,,
103,Amazon Web Services Inc.,Engineering,5153.0600568,Cloud infrastructure and compute services (AWS — US entity),OPTIMIZE,H,Amazon Web Services / Amazon,Near-duplicate of 'Amazon Web Services Llc'; consolidate to canonical brand for spend reporting
104,Telemach Hrvatska D.O.O.,Facilities,5134.031572,National cable and telecommunications provider — office internet and communications (Croatia),CONSOLIDATE,H,,
105,"Acclime Usa, Inc",Finance,4994.97726,International corporate administration and accounting services (US entity),CONSOLIDATE,H,Acclime,
106,Centar Za Sigurnost D.O.O.,Facilities,4991.3179359999995,Physical security services and access control (Croatia — 'Sigurnost' = Security),OPTIMIZE,M,,
107,Profi Bar D.O.O.,Facilities,4916.6677264,Office coffee bar and refreshment services (Croatia),OPTIMIZE,L,,
108,Pricewaterhousecoopers Llp,Finance,4878.6107568,"Big 4 accounting firm providing audit, tax and business advisory",CONSOLIDATE,M,,Could be M&A if engagement was transaction-specific due diligence; classified Finance as default
109,Pinnacle Partnership Ca,Professional Services,4836.1625984,Business advisory or consulting services (Canada),CONSOLIDATE,L,,
110,The Virtual Legal Counsel Ltd,Legal,4800.3012232,Outsourced in-house legal counsel and commercial legal services,OPTIMIZE,H,,
111,Australian Payroll Professionals Pty Ltd,Finance,4399.2393128,Payroll processing and management services (Australia),CONSOLIDATE,H,,
112,Inter Continental Chennai Mahabalipuram Resort,G&A,4392.6525296,Hotel and resort accommodation — likely business travel or team offsite (India),CONSOLIDATE,L,,
113,Jetbrains S.R.O.,Engineering,4083.0737191999997,Developer IDEs and programming productivity tools (JetBrains),OPTIMIZE,H,,Flagged as possible individual name — false positive; JetBrains is a major developer tools company
114,Crowe Horwath Revizija D.O.O.,Finance,4061.84964,"Audit and accounting services (Crowe global network, Croatia)",CONSOLIDATE,H,,
115,Puducherry Backwater Resort Private Limited,G&A,4055.9947216,Hotel and resort accommodation — likely business travel or team offsite (India),CONSOLIDATE,L,,
116,Orionw Llc,Professional Services,4025.2563999999998,IT or software services provider (US — primary service unconfirmed),CONSOLIDATE,L,,
117,Adobe Systems Software,SaaS,3928.6502464,"Creative, document management and digital experience software suite (Adobe)",CONSOLIDATE,H,,
118,"Common Desk, Llc",Facilities,3842.2902,Coworking and shared office space provider (US — Common Desk),OPTIMIZE,H,,
119,Hep Elektra D.O.O.,Facilities,3734.7060744,"Office electricity utility provider (Croatia — HEP, Croatian Energy Group)",OPTIMIZE,H,,
120,Zivi Napitak D.O.O.,Facilities,3699.576564,Office beverage and refreshment supplier (Croatia),OPTIMIZE,L,,
121,Gym4You D.O.O.,G&A,3692.257916,Employee gym and fitness membership benefits (Croatia),CONSOLIDATE,M,,
122,Aha! Labs Inc,Product,3689.3304568,Product roadmapping and strategy platform for Product Management teams,OPTIMIZE,H,,
123,Apple Retail Uk Ltd,G&A,3548.0805504,Apple hardware and software purchases — company equipment (UK retail entity),CONSOLIDATE,M,Apple,"Apple spend split across 4 entities (Retail UK, Pty, Distribution, Amer); classify each row individually"
124,"Kryterion, Inc.",G&A,3541.4937672,Online proctoring and professional certification testing platform,CONSOLIDATE,L,,
125,Npm Inc,Engineering,3534.9069839999997,JavaScript package manager and npm registry — core software development dependency,OPTIMIZE,H,,
126,Pinsent Masons Mpillay Llp,Legal,4077.8263165000003,"International law firm providing commercial, technology and employment legal services",OPTIMIZE,H,,
127,Calm Achiever(A Unit Of Mohsin Ali Vakil),G&A,4071.0143285000004,Employee wellness and mental health coaching services (India),CONSOLIDATE,L,,
128,Pluxee India Private Limited,G&A,3994.3794635000004,"Employee benefits and meal voucher platform (formerly Sodexo Benefits & Rewards, India)",CONSOLIDATE,H,,
129,Oâ€™Donnell Salzano Lawyers,Legal,3955.2105325,Australian law firm providing commercial and employment legal services,OPTIMIZE,R,,Encoding corrupted (expected: 'O'Donnell Salzano Lawyers'). Classified Legal based on 'Lawyers' in decoded name. Verify decoded name.
130,Papertrail Inc,Engineering,3899.86313,Cloud-hosted log management and application monitoring service,OPTIMIZE,H,,
131,Sniper Systems And Solutions Private Limited,Engineering,3899.0116315,IT systems and technology solutions provider (India),OPTIMIZE,M,,
132,Trocadero (London) Hotel Ltd,G&A,3867.5061870000004,Hotel accommodation — likely business travel or team meeting venue (London),CONSOLIDATE,M,,
133,Semrush Inc,Marketing,3729.56343,"SEO, content marketing and competitive digital intelligence platform",CONSOLIDATE,H,,
134,Golubica Parking D.O.O.,Facilities,3726.1574360000004,Parking facilities — employee parking services (Croatia),OPTIMIZE,H,,
135,Vodafone (Australian),Facilities,3671.661532,Mobile telecommunications — company phones and connectivity (Australia — Vodafone),CONSOLIDATE,H,,
136,Ikea Hrvatska D.O.O.,Facilities,3609.5021415,Office furniture and workplace equipment (IKEA Croatia),OPTIMIZE,M,,
137,Orcola D.O.O.,Professional Services,3544.7882555,Business or IT consulting services (Croatia — primary service unconfirmed),CONSOLIDATE,L,,
138,Info Edge India Limited,G&A,3536.2732705000003,"Online recruitment portal and job board services (Naukri.com, India)",CONSOLIDATE,M,,
139,Grad Split,G&A,3482.628865,"City of Split municipal fees, permits or regulatory payments (Croatia)",OPTIMIZE,H,,
140,T-Mobile,Facilities,3357.4585855,Mobile telecommunications — company phones and connectivity,CONSOLIDATE,H,,
141,Akton D.O.O.,Professional Services,3253.5757685000003,Business services or IT support (Croatia — primary service unconfirmed),CONSOLIDATE,L,,
142,Bureau Veritas Croatia D.O.O.,Professional Services,3199.931363,"Testing, inspection and certification (TIC) compliance services",CONSOLIDATE,M,,
143,Cici Prudential Life Insurance Co. Ltd.,G&A,3194.822372,Employee life insurance provider (Asia — ICICI Prudential group),CONSOLIDATE,H,,
144,Ncc Services Limited,Professional Services,3036.443651,Business services and facilities management (primary service unconfirmed),CONSOLIDATE,L,,
145,Smartsheet Inc.,SaaS,2994.7202245000003,Cloud-based project management and work collaboration platform (cross-functional),CONSOLIDATE,H,,
146,Good Game Global D.O.O.,G&A,2953.8482965000003,Corporate entertainment or team event services (Croatia),CONSOLIDATE,L,,
147,Garaå¾A Firule D.O.O.,Facilities,2930.0063385000003,"Parking garage facility — employee parking (Split, Croatia — 'Garaža Firule')",OPTIMIZE,R,,Encoding corrupted (expected: 'Garaža Firule D.O.O.'). Classified Facilities based on 'Garaža' = garage/parking.
148,Crossland,Professional Services,2924.045849,Business services or consulting (primary service unconfirmed),CONSOLIDATE,L,,
149,It London,Engineering,2838.0445005,IT services or technology support provider (London),OPTIMIZE,L,,Flagged as possible individual name — false positive; 'IT London' is a technology services entity
150,Terrapinn Holdings Ltd,Marketing,2838.0445005,"Global business events, conference and media services — industry event sponsorship",CONSOLIDATE,M,,
151,Elemental Life Solutions Llp,G&A,2806.539056,Employee wellness and lifestyle benefits services,CONSOLIDATE,L,,
152,United Flow Ltd (The Goodness Project),G&A,2744.3796655,Employee wellness and mental health programme services,CONSOLIDATE,M,,
153,Mcburneys Charted Accountants,Finance,2711.171224,"Chartered accountants providing audit, tax and accounting services",CONSOLIDATE,M,,
154,Cleverland Winery Resort,G&A,2662.6358095,Winery and resort accommodation — likely team offsite or business travel (Australia),CONSOLIDATE,M,,
155,Ag Grid Ltd,Engineering,2653.269326,JavaScript data grid library for enterprise web application development,OPTIMIZE,H,,
156,Lusha,Sales,2605.58541,B2B contact intelligence and lead data enrichment platform,CONSOLIDATE,H,,
157,My Foodiverse Llp,Facilities,2488.9301155000003,Corporate food delivery and office catering services,OPTIMIZE,M,,
158,4Imprint Direct Ltd,Marketing,2436.1372085000003,Promotional merchandise and branded marketing materials supplier,CONSOLIDATE,M,,
159,City Pantry Ltd,Facilities,2419.1072385,Corporate office catering and team food delivery service,OPTIMIZE,M,,
160,Stipe Piric,Professional Services,2301.6004455,Individual contractor/freelancer payment (Croatia),TERMINATE,L,,Strategy A: individual name pattern; likely freelancer invoice. Reclassify to G&A if expense reimbursement confirmed.
161,Office Move London,Facilities,2293.0854605,"Office relocation, furniture installation and moving services (London)",OPTIMIZE,M,,
162,Pink Ribbon Shop,G&A,2250.5105355,Charitable merchandise — likely company CSR or employee awareness initiative,CONSOLIDATE,M,,
163,Starhub Ltd (Supplier),Facilities,2205.381115,Mobile and broadband telecommunications provider — office connectivity (Singapore — StarHub),CONSOLIDATE,H,,
164,N S Shastri And Co,Finance,2194.3116345000003,Chartered accountants and tax advisory services (India),CONSOLIDATE,M,,
165,John Smith,Professional Services,2162.8061900000002,Individual contractor/freelancer payment,TERMINATE,L,,Strategy A: individual name pattern; likely freelancer invoice. Reclassify to G&A if expense reimbursement confirmed.
166,Fabiola Thistlewhaite,Professional Services,2154.291205,Individual contractor/freelancer payment,TERMINATE,L,,Strategy A: individual name pattern; likely freelancer invoice. Reclassify to G&A if expense reimbursement confirmed.
167,Hp Inc Uk Limited,G&A,2136.4097365000002,Hardware equipment and printing solutions — company devices and peripherals (HP UK),CONSOLIDATE,M,,
168,Cision Pr Newswire,Marketing,2110.0132830000002,Press release distribution and PR media newswire services,CONSOLIDATE,H,,
169,George Anchor,Professional Services,2107.4587875,Individual contractor/freelancer payment,TERMINATE,L,,Strategy A: individual name pattern; likely freelancer invoice. Reclassify to G&A if expense reimbursement confirmed.
170,"Yoxel, Inc",Engineering,2043.5964000000001,IT or software technology services (US — primary service unconfirmed),OPTIMIZE,L,,
171,Grt Hotels And Resorts P Ltd,G&A,2031.6754210000001,"Hotel accommodation — business travel or team offsite (GRT Hotels, South India)",CONSOLIDATE,L,,
172,Apple Pty Ltd,G&A,2030.8239225000002,Apple hardware and software purchases — company equipment (Australia retail entity),CONSOLIDATE,M,Apple,
173,Slack Technologies Limited,SaaS,1989.100496,"Enterprise messaging, file sharing and team communication platform",CONSOLIDATE,H,,
174,G S Notary Public Limited,Legal,1935.4560905,Notary public and document authentication and legalisation services,OPTIMIZE,H,,
175,Apple Distribution International Ltd,G&A,1913.3171295000002,Apple software licensing and App Store distribution (Ireland entity),CONSOLIDATE,M,Apple,
176,Porezno Savjetniå¡Tvo Tuk D.O.O.,Finance,1812.8403065,Tax advisory and financial compliance consulting (Croatia — 'Porezno Savjetništvo' = Tax Advisory),CONSOLIDATE,R,,Encoding corrupted (expected: 'Porezno Savjetništvo Tuk D.O.O.'). Classified Finance based on 'Porezno Savjetništvo' = Tax Advisory.
177,Susan Lee,Professional Services,1761.7503965,Individual contractor/freelancer payment,TERMINATE,L,,Strategy A: individual name pattern; likely freelancer invoice. Reclassify to G&A if expense reimbursement confirmed.
178,Ansar Madovic,Professional Services,1731.947949,Individual contractor/freelancer payment (Croatia),TERMINATE,L,,Strategy A: individual name pattern; likely freelancer invoice. Reclassify to G&A if expense reimbursement confirmed.
179,"Radius Group, Inc",Professional Services,1722.5814655000001,Business advisory or technology services (US — primary service unconfirmed),CONSOLIDATE,L,,
180,Aquila Remete D.O.O.,Facilities,1706.402994,Hospitality or accommodation services (Croatia — Aquila hotel/venue),OPTIMIZE,L,,
181,Clime India Private Limited,G&A,1678.3035435000002,Corporate wellness or HR technology services (India),CONSOLIDATE,L,,
182,"Golden Mean, Inc",Professional Services,1658.719078,Business advisory or consulting services (US — primary service unconfirmed),CONSOLIDATE,L,,
183,Paint & Fun Vl. Martina Milkova Nikolova,G&A,1654.4615855000002,Employee team-building and creative activity event (paint and art experiences),CONSOLIDATE,M,,
184,Carrington Communications,Marketing,1654.4615855000002,"PR, media relations and corporate communications services",CONSOLIDATE,M,,Flagged as possible individual name — false positive; Carrington Communications is a PR/comms agency
185,Crayond Digital Private Limited,Engineering,1645.9466005000002,Digital product design and software development agency (India),OPTIMIZE,M,,
186,Studentski Centar Karlovac,Facilities,1548.8757715000002,"Student center venue — conference or events space (Karlovac, Croatia)",OPTIMIZE,M,,
187,Lajnap Comedy Booking D.O.O.,G&A,1536.103294,Comedy and entertainment booking agency — likely for company event (Croatia),CONSOLIDATE,M,,
188,British Telecommunications,Facilities,1492.6768705000002,"Office telecommunications and connectivity services (BT, UK)",CONSOLIDATE,H,,Flagged as possible individual name — false positive; British Telecommunications is the BT Group
189,Etm Concessions Ltd,G&A,1418.596501,"Hospitality and food/beverage venue services — likely team event (ETM Group, UK)",CONSOLIDATE,M,,
190,Radisson Grt - Unit Of Hotels & Resorts Pvt Ltd,G&A,1405.8240235,"Hotel accommodation — business travel (Radisson GRT, India)",CONSOLIDATE,L,,
191,Ariba Inc,SaaS,1363.2490985000002,SAP Ariba procurement and spend management platform (company-wide),CONSOLIDATE,M,,
192,Chamiers Recreation Club,G&A,1337.7041435,Recreation club membership — employee wellness benefit (India),CONSOLIDATE,L,,
193,Quadrant Law Llc,Legal,1326.634663,Legal services and commercial law advisory,OPTIMIZE,H,,
194,Docusign,SaaS,1307.9016960000001,Electronic signature and digital contract management platform (company-wide),CONSOLIDATE,H,,
195,Inside Edge Novated Leasing,G&A,1287.4657320000001,Employee novated car leasing and salary packaging service (Australia),CONSOLIDATE,M,,
196,Rhea D.O.O.,Facilities,1253.405792,Office facilities or maintenance services (Croatia — primary service unconfirmed),OPTIMIZE,L,,
197,P S Recreation Club,G&A,1219.3458520000001,Recreation club membership — employee wellness benefit,CONSOLIDATE,L,,
198,Fastspring,Engineering,1179.3254225,E-commerce and subscription billing platform for software product sales,OPTIMIZE,M,,
199,Dsv Solutions A/S,Facilities,1162.2954525,"Freight and logistics services — courier and office supply delivery (DSV, Denmark)",OPTIMIZE,M,,
200,Curzon Green Solicitors,Legal,1158.03796,"Solicitors providing commercial, employment and residential legal services",OPTIMIZE,H,,
201,Icare Nsw,G&A,1150.3744735,"Workers compensation insurance authority — New South Wales, Australia (icare)",OPTIMIZE,H,,Flagged as possible individual name — false positive; icare NSW is the NSW Government insurance provider
202,Thomas Mansfield Solicitors Limited,Legal,1135.0475005,Employment law and commercial legal services (UK),OPTIMIZE,H,,
203,Amazon.Co.Uk,G&A,1106.94805,Amazon UK marketplace — general office supplies and equipment purchases,CONSOLIDATE,M,Amazon Web Services / Amazon,"Amazon.co.uk is retail, not AWS; classified G&A for general purchases rather than Engineering"
204,Backoffice Associates,Professional Services,1079.700098,"Data migration, data quality and ERP/SAP consulting services",CONSOLIDATE,M,,
205,Oladi D.O.O.,Facilities,1064.373125,Office facilities or services (Croatia — primary service unconfirmed),OPTIMIZE,L,,
206,Integrated Personnel Services,G&A,1054.155143,HR staffing and personnel management services,CONSOLIDATE,M,,
207,Mãœller Trgovina Zagreb D.O.O.,G&A,1050.749149,"Retail store (personal care, cosmetics) — miscellaneous office or employee purchases (Müller Croatia)",CONSOLIDATE,R,,Encoding corrupted (expected: 'Müller Trgovina Zagreb D.O.O.'). Classified G&A based on Müller being a retail chain.
208,Lunch Nutrition D.O.O.,Facilities,1011.5802180000001,Corporate lunch and nutrition delivery services for office (Croatia),OPTIMIZE,M,,
209,Winmaxi Tours & Travels,G&A,1001.362236,Corporate travel agency and travel management services (India),CONSOLIDATE,M,,
210,Digitalna Produkcija J.D.O.O.,Marketing,992.847251,Digital content production and creative services (Croatia),TERMINATE,N,,
211,Computershare-Caboodle Technology Limited,Finance,980.926272,Employee share plan administration and equity management platform,TERMINATE,N,,
212,Allianz Wa,G&A,970.70829,Workers compensation insurance — Western Australia (Allianz group),TERMINATE,N,Allianz,Flagged as possible individual name — false positive; Allianz WA is workers comp insurance
213,Trending Technology Services Gmbh,Engineering,961.3418065000001,IT and technology consulting services (Germany),TERMINATE,N,,
214,"Godaddy.Com, Llc",Engineering,923.0243740000001,Domain registration and web hosting services for digital infrastructure,TERMINATE,N,,
215,Time Out Group,G&A,920.4698785,Media and lifestyle content — editorial subscription or city guide advertising,TERMINATE,N,,
216,Raiffeisenbank Austria D.D.,Finance,919.61838,Banking services — account administration or transaction fees (Croatia — Raiffeisen),TERMINATE,N,,
217,Galop-Prijevoz D.O.O.,Facilities,907.697401,Transport and courier delivery services (Croatia),TERMINATE,N,,
218,Lane Ip Limited,Legal,851.4985,Intellectual property management and patent/trademark filing services,TERMINATE,N,,
219,Urbani Eventi D.O.O.,G&A,850.6470015000001,Corporate event planning and production services (Croatia),TERMINATE,N,,
220,Smashing Media Ag,Marketing,849.795503,Digital media and web design publication (Smashing Magazine),TERMINATE,N,,
221,Epignosis Llc,G&A,832.765533,Learning management system (eFront LMS) for employee training and development,TERMINATE,N,,
222,Croatia Airlines,G&A,831.9140345000001,Commercial airline — employee business travel (Croatia),TERMINATE,N,,
223,Bb Football Scouting J.D.O.O.,G&A,822.547551,Football/sports scouting — likely employee wellbeing or team-building event,TERMINATE,N,,
224,Boe Croatia D.O.O.,Professional Services,814.0325660000001,Business or operational services (Croatia — primary service unconfirmed),TERMINATE,N,,
225,Potomac D.O.O.,Facilities,805.5175810000001,Office facilities or hospitality services (Croatia — primary service unconfirmed),TERMINATE,N,,Flagged as possible individual name — false positive; Potomac D.O.O. is a Croatian company
226,"President Hotel And Tower Co., Ltd",G&A,802.9630855,Hotel accommodation — business travel (Asia),TERMINATE,N,,
227,Friends Sports Club,G&A,797.002596,Sports club membership — employee wellness benefit,TERMINATE,N,,
228,The Cycle Gap Adyar,G&A,765.4971515000001,Bicycle retail — likely part of employee cycle-to-work or wellness initiative (India),TERMINATE,N,,
229,Apple - Amer,G&A,763.7941545,Apple hardware and software — Americas region entity,TERMINATE,N,Apple,
230,Klg - Kalra Legal Group,Legal,681.1988,Legal services and commercial law advisory (India — Kalra Legal Group),TERMINATE,N,,
231,Kilgannon & Partners Llp,Legal,681.1988,Legal services and commercial law advisory,TERMINATE,N,,
232,Uk Postbox Limited,G&A,670.1293195000001,Virtual mailbox and mail forwarding services — registered business address (UK),TERMINATE,N,,
233,Catering Iviä‡ D.O.O.,Facilities,669.277821,Catering and food services for office (Croatia — 'Catering Ivić'),OPTIMIZE,R,,Encoding corrupted (expected: 'Catering Ivić D.O.O.'). Classified Facilities based on 'Catering' in name.
234,Blink Events,G&A,664.1688300000001,Corporate event management and production services,TERMINATE,N,,
235,Grafo-Jan,Marketing,662.4658330000001,Graphic design and print services (Croatia),TERMINATE,N,,
236,Mesa Verde,G&A,662.4658330000001,Restaurant or hospitality — business meal or team event,TERMINATE,N,,Flagged as possible individual name — false positive; Mesa Verde is a restaurant/hospitality name
237,Pixsy Inc,Legal,613.07892,Image copyright monitoring and intellectual property infringement recovery platform,TERMINATE,N,,
238,Dun & Bradstreet D.O.O.,Finance,609.6729260000001,"Business credit risk intelligence, financial data and compliance analytics services",TERMINATE,N,,
239,Induslaw,Legal,596.04895,Indian law firm providing corporate and commercial legal services,TERMINATE,N,,
240,Trans-Agram Obrt Za Dostavu,Facilities,580.721977,Courier and delivery services (Croatia — 'Dostavu' = delivery),TERMINATE,N,,
241,Landu Law Solicitors,Legal,567.9494995,Legal services and solicitor advisory,TERMINATE,N,,
242,Arena Center Zagreb D.O.O.,G&A,567.0980010000001,"Shopping mall venue — retail purchase or team event (Arena Center, Zagreb)",TERMINATE,N,,
243,Obrt Za Ugostiteljstvo Mirakul,Facilities,565.3950040000001,Catering and hospitality services for office (Croatia — 'Ugostiteljstvo' = catering),TERMINATE,N,,
244,Oakberry Jr D.O.O.,Facilities,534.7410580000001,Food and beverage refreshments — office food (Oakberry açaí brand),TERMINATE,N,,
245,Tau On-Line D.O.O.,Engineering,533.8895595,Online technology or IT services (Croatia),TERMINATE,N,,
246,Magic Mountain Saloon,G&A,523.6715775,Bar and entertainment venue — team social event (Croatia),TERMINATE,N,,
247,Hotel Zonar,G&A,522.8200790000001,Hotel accommodation — business travel or team offsite (Croatia),TERMINATE,N,,Flagged as possible individual name — false positive; Hotel Zonar is a Croatian hotel
248,Roto Dinamic D.O.O.,Engineering,511.7505985,Technical or mechanical engineering equipment services (Croatia),TERMINATE,N,,
249,Tm Forum,Professional Services,510.04760150000004,Telecoms industry standards body membership (lower-value entry; see Tmforum $57.6K),TERMINATE,N,,Possible duplicate/secondary payment to TM Forum — see also 'Tmforum' at $57.6K
250,Marvie Hotel - Krupa D.O.O.,G&A,501.5326165,Hotel accommodation — business travel or team offsite (Croatia),TERMINATE,N,,
251,Merchandise Ltd,Marketing,490.463136,Branded merchandise and promotional products,TERMINATE,N,,
252,Yellow Submarine D.O.O.,Facilities,486.2056435,"Bar, restaurant or catering services (Croatia)",TERMINATE,N,,
253,Streamlinereforms Inc,Professional Services,482.79964950000004,Business process reform and consulting services,TERMINATE,N,,
254,Make And Grow Ltd,Marketing,482.79964950000004,Creative agency or marketing growth services,TERMINATE,N,,
255,Obiteljski Hoteli D.O.O.,G&A,474.2846645,Hotel accommodation — business travel (Croatia — 'Obiteljski Hoteli' = Family Hotels),TERMINATE,N,,
256,Rudan D.O.O.,Facilities,472.58166750000004,"Office facilities, construction or maintenance services (Croatia)",TERMINATE,N,,Flagged as possible individual name — false positive; Rudan D.O.O. is a Croatian company
257,Entrio Tehnologije D.O.O.,Marketing,472.58166750000004,Event ticketing technology platform for Croatian events,TERMINATE,N,,
258,Vivat Fina Vina D.O.O.,G&A,466.62117800000004,Fine wine retailer — likely for company events or client entertainment (Croatia),TERMINATE,N,,
259,"Figma, Inc.",Product,459.80919,Collaborative design and interactive prototyping tool for Product and UX teams,TERMINATE,N,,
260,E-Disti D.O.O.,Engineering,458.106193,IT distribution and technology products supplier (Croatia),TERMINATE,N,,
261,Greencell Express Private Limited,G&A,457.2546945,Express delivery and courier services (India),TERMINATE,N,,
262,Edwardian Pastoria Hotels Ltd (The Londoner),G&A,433.41273650000005,"Hotel accommodation — business travel (The Londoner, London)",TERMINATE,N,,
263,Tiganda J.D.O.O.,Facilities,431.7097395,Office facilities or maintenance services (Croatia — primary service unconfirmed),TERMINATE,N,,Flagged as possible individual name — false positive; Tiganda J.D.O.O. is a Croatian company
264,"Franklin, Gringer & Cohen, P.C.",Legal,426.6007485,US law firm providing legal services,TERMINATE,N,,
265,Blitz - Cinestar D.O.O.,G&A,425.74925,Cinema chain — employee entertainment benefit or team event (Croatia — Blitz CineStar),TERMINATE,N,,
266,Lancefield Bus Service,Facilities,412.12527400000005,Bus and transport service — likely employee shuttle or event transport (UK),TERMINATE,N,,
267,Super Odrediå¡Te D.O.O.,G&A,378.065334,Retail or general services (Croatia — 'Super Odredište' = Super Destination; encoding corrupted),CONSOLIDATE,R,,Encoding corrupted (expected: 'Super Odredište D.O.O.'). Classified G&A as catch-all; primary service unconfirmed.
268,Pmi Global Operations Center,G&A,378.065334,Project Management Institute (PMI) — professional certification and membership fees,TERMINATE,N,,
269,Student Packers & Movers,Facilities,371.253346,Office relocation and moving services (India),TERMINATE,N,,
270,Del Posto D.O.O.,Facilities,363.58985950000005,Restaurant or catering services (Croatia — 'Del Posto' restaurant),TERMINATE,N,,
271,Inicijativa Centar Za Edukaciju,G&A,357.62937,Education and professional training centre (Croatia — 'Centar Za Edukaciju' = Education Centre),TERMINATE,N,,
272,Niva Transport J.D.O.O.,Facilities,357.62937,Transport and logistics services (Croatia),TERMINATE,N,,
273,Doctor Anywhere Operations Pte Ltd,G&A,346.5598895,Telemedicine and digital health platform — employee wellness benefit (Singapore),TERMINATE,N,,
274,Spar Hrvatska D.O.O.,Facilities,340.5994,Supermarket and grocery chain — office supplies or canteen provisions (Croatia — SPAR),TERMINATE,N,,
275,Pepe'S Italian And Liquor,Facilities,338.896403,Restaurant and bar — office catering or team meal (Croatia),TERMINATE,N,,
276,"Pluralsight, Llc",Engineering,318.460439,Technology skills and developer training platform,TERMINATE,N,,
277,Maniax Melbourne Cbd,G&A,315.05444500000004,Axe-throwing entertainment venue — team-building event (Melbourne),TERMINATE,N,,
278,Dnsimple,Engineering,311.648451,DNS management and domain services for technical infrastructure,TERMINATE,N,,
279,Treci Posao D.O.O.,G&A,307.3909585,Online recruitment and job listing platform (Croatia — 'Treći Posao' = Third Job),TERMINATE,N,,
280,Gaucho Restaurants,G&A,302.2819675,Argentinian restaurant chain — team event or client entertainment,TERMINATE,N,,Flagged as possible individual name — false positive; Gaucho is a premium restaurant chain
281,Formswift,SaaS,301.430469,"Online document creation, templates and e-signature platform",TERMINATE,N,,
282,Safestore Ltd,Facilities,286.9549945,Self-storage facilities — likely for office equipment or business documents,TERMINATE,N,,
283,Split Tech City,Professional Services,283.54900050000003,"Tech industry community and professional networking association (Split, Croatia)",TERMINATE,N,,
284,National Securities Depository Limited(Nsdl),Finance,280.994505,National securities depository — employee share plan and ESOP settlement services (India),TERMINATE,N,,
285,Adamma Info Services Private Limited,G&A,273.3310185,IT or business services provider (India — primary service unconfirmed),TERMINATE,N,,
286,The Riding House Cafe,G&A,264.8160335,Restaurant and cafe — business meal or team event (London),TERMINATE,N,,
287,Stillmark Zagreb D.O.O.,Marketing,263.1130365,"PR and corporate communications agency (Zagreb, Croatia)",TERMINATE,N,,
288,Lastpass Ireland Limited,SaaS,263.1130365,Enterprise password manager and credentials security vault (company-wide IT security),TERMINATE,N,,
289,Taste Of Health,Facilities,258.855544,Healthy food delivery or catering services for office,TERMINATE,N,,
290,Infodata,Engineering,240.97407550000003,Data or IT services provider (primary service unconfirmed),TERMINATE,N,,
291,Amazon (Aus),G&A,233.31058900000002,Amazon Australia marketplace — general office supplies and purchases,TERMINATE,N,Amazon Web Services / Amazon,"Amazon.com.au retail, not AWS; classified G&A for general purchases"
292,Regency Hampers Ltd,G&A,247.877645215,Corporate gift hampers — client or employee seasonal gifting,TERMINATE,N,,
293,Bella Operation A/S,Facilities,240.505819335,"Conference and exhibition centre venue (Bella Center, Copenhagen)",TERMINATE,N,,
294,The Plant Man,Facilities,234.976949925,Office plant installation and maintenance services,TERMINATE,N,,
295,Media Promo Plus D.O.O.,Marketing,225.762167575,Media promotion and advertising services (Croatia),TERMINATE,N,,
296,Expert-Ing D.O.O.,Engineering,224.84068934,Engineering and technical consulting services (Croatia — 'Expert-Ing'),TERMINATE,N,,
297,Atlassian Pty Ltd,Engineering,223.91921110500002,"Developer collaboration and project management tools (Jira, Confluence — Atlassian)",TERMINATE,N,,Flagged as possible individual name — false positive; Atlassian is a major developer tools company
298,Djs For U,G&A,220.233298165,DJ and entertainment services — likely for a company social event,TERMINATE,N,,
299,Freepik Company,Marketing,202.72521170000002,"Stock images, vectors and design resources for marketing and content creation",TERMINATE,N,,
300,Nastavni Zavod Za Javno Zdravstvo Dr. Andrija Å Tampar,G&A,199.03929876,Public health teaching institute — occupational health services (Croatia — 'Dr. Andrija Štampar'),OPTIMIZE,R,,Encoding corrupted (expected: 'Nastavni Zavod Za Javno Zdravstvo Dr. Andrija Štampar'). Classified G&A (occupational health).
301,Rishi Events And Entainment,G&A,198.117820525,Event management and entertainment services (India),TERMINATE,N,,
302,Kosmaz Technologies Croatia,Engineering,195.35338582,Technology services and IT solutions (Croatia),TERMINATE,N,,
303,Dhl,Facilities,190.745994645,Express delivery and international courier services,TERMINATE,N,,
304,Hotel Laguna D.D.,G&A,189.82451641,Hotel accommodation — business travel or team offsite (Croatia),TERMINATE,N,,
305,Bigshare Services Private Limited,Finance,187.98155994,Share registry and investor services — ESOP and equity plan administration (India),TERMINATE,N,,
306,Zettanet,Engineering,183.374168765,Network and IT connectivity services,TERMINATE,N,,
307,Hahn Air,G&A,183.374168765,Airline interline ticketing services — business travel,TERMINATE,N,,
308,Vitality Works,G&A,181.53121229500002,Employee health and corporate wellness programme services (Australia),TERMINATE,N,,Flagged as possible individual name — false positive; Vitality Works is a workplace wellness provider
309,Avoxi Inc,Engineering,177.845299355,Cloud communications platform and virtual phone number services,TERMINATE,N,,
310,Zapier Inc.,SaaS,166.787560535,"Workflow automation and app integration platform (cross-functional, IT-governed)",TERMINATE,N,,
311,"Solarwinds, Inc",Engineering,165.86608230000002,IT infrastructure monitoring and network management software,TERMINATE,N,,
312,Xenon Savjetovanje D.O.O.,Professional Services,164.02312583,Business and management consulting services (Croatia — 'Savjetovanje' = Consulting),TERMINATE,N,,
313,Floom Ltd,G&A,162.18016936,"Premium online flower delivery — employee recognition, gifting or events",TERMINATE,N,,
314,Notino S.R.O.,G&A,161.258691125,Online beauty and fragrance retailer — likely employee gifting or wellness purchases,TERMINATE,N,,
315,"Paint&Wine, Vl. Stevo Dosen",G&A,159.415734655,Paint and wine team-building creative experience (Croatia),TERMINATE,N,,
316,Parcelforce Worldwide,Facilities,154.80834348000002,Parcel delivery and business postal services (UK — Parcelforce),TERMINATE,N,,
317,Advena,G&A,153.886865245,Business services provider (primary service unconfirmed),TERMINATE,N,,
318,Hrvatski Nezavisnici Izvoznici Softvera,Professional Services,153.886865245,Croatian Independent Software Exporters industry association membership,TERMINATE,N,,
319,Monile J.D.O.O.,Engineering,152.043908775,Mobile technology or IT services (Croatia — 'Monile'),TERMINATE,N,,Flagged as possible individual name — false positive; Monile J.D.O.O. is a Croatian company
320,Puzzle Promotion J.D.O.O.,Marketing,142.829126425,Promotional and creative marketing services (Croatia),TERMINATE,N,,
321,Zagrebaä_x008d_Ki Holding D.O.O.,G&A,142.829126425,Zagreb city holding company — municipal utility or public service fees (Croatia),CONSOLIDATE,R,,Encoding corrupted (expected: 'Zagrebački Holding D.O.O.'). Classified G&A based on Zagreb city infrastructure entity.
322,Event Ors,G&A,142.829126425,Event organisation and management services,TERMINATE,N,,Flagged as possible individual name — false positive; 'Event Ors' is an events company
323,Sportkart D.O.O.,G&A,140.986169955,Go-kart and motor sport entertainment — team-building event (Croatia — 'Sportkart'),TERMINATE,N,,
324,"Interaction Design Foundation, Inc",Product,138.22173525,UX/design online learning and certification platform for Product and Design teams,TERMINATE,N,,
325,(Blank),G&A,137.300257015,Unidentified vendor — blank vendor name entry,TERMINATE,N,,Blank vendor name in source data; $137 spend. Review source records to identify.
326,Escape Art D.O.O.,G&A,132.69286584,Escape room entertainment — team-building event (Croatia),TERMINATE,N,,
327,Fero-Term,Facilities,130.84990937,Thermal engineering or HVAC/heating system services (Croatia — 'Fero-Term'),TERMINATE,N,,
328,Ustanova Za Zdravstvenu Skrb P.P.,G&A,130.84990937,Healthcare institution providing occupational health services (Croatia),TERMINATE,N,,
329,Vistaprint,Marketing,129.928431135,Online printed marketing materials and branded business stationery,TERMINATE,N,,
330,Teb Poslovno Savjetovanje D.O.O.,Finance,129.00695290000002,Tax and business advisory services (Croatia — TEB Poslovno Savjetovanje),TERMINATE,N,,
331,Illunis D.O.O.,Facilities,128.085474665,Lighting or electrical services for office (Croatia — 'Illunis'),TERMINATE,N,,Flagged as possible individual name — false positive; Illunis D.O.O. is a Croatian company
332,The Cook Kitchen,Facilities,122.55660525500001,Office catering or cooking team-building experience,TERMINATE,N,,
333,Australian Taxation Office (Ato),Finance,122.55660525500001,Australian government tax authority — statutory tax payments and compliance,TERMINATE,N,,
334,Capitol Services,Professional Services,119.79217055000001,Registered agent and government compliance services (US — Capitol Services),TERMINATE,N,,
335,Bonus Opinio D.O.O.,Marketing,119.79217055000001,"Market research, opinion polling and survey services (Croatia — 'Opinio' = opinion)",TERMINATE,N,,
336,Dhl Express (Uk) Ltd,Facilities,118.870692315,International express courier and shipping services (DHL UK),TERMINATE,N,,
337,Kat'S Kitchen D.O.O.,Facilities,118.870692315,Catering and food services for office (Croatia — 'Kat's Kitchen'),TERMINATE,N,,
338,Soho Kitchen Ltd,G&A,104.12704055500001,"Restaurant — business meal or team event (London, Soho)",TERMINATE,N,,
339,Fortis Trade J.D.O.O.,Professional Services,94.912258205,Trade and business services (Croatia — primary service unconfirmed),TERMINATE,N,,
340,Till Trade D.O.O.,Professional Services,93.06930173500001,Trade or retail services (Croatia — primary service unconfirmed),TERMINATE,N,,
341,Pret A Manger,Facilities,92.1478235,Coffee and sandwich chain — office refreshments or team meals,TERMINATE,N,,
342,Axil Coffee Roasters,Facilities,89.383388795,Specialty coffee supplier — office refreshments (Australia),TERMINATE,N,,
343,Pepco Croatia D.O.O.,G&A,89.383388795,Discount retail chain — likely office supplies or general employee purchases (Croatia — PEPCO),TERMINATE,N,,
344,Lemia D.O.O.,Facilities,87.540432325,Office facilities or cleaning services (Croatia — primary service unconfirmed),TERMINATE,N,,Flagged as possible individual name — false positive; Lemia D.O.O. is a Croatian company
345,Retriever Llc,Engineering,87.540432325,"Data retrieval, search or IT services (US — primary service unconfirmed)",TERMINATE,N,,
346,Meluba Limited,G&A,87.540432325,Business services provider (primary service unconfirmed),TERMINATE,N,,Flagged as possible individual name — false positive; Meluba Limited is a company entity
347,London Waste Management,Facilities,85.69747585500001,Waste collection and office recycling services (London),TERMINATE,N,,
348,Hilton Garden Inn - Zagreb City Hotels D.O.O.,G&A,82.011562915,"Hotel accommodation — business travel (Hilton Garden Inn, Zagreb)",TERMINATE,N,,
349,Lider Media D.O.O.,Marketing,80.16860644500001,Business media and publishing — Croatian business magazine and news (Lider),TERMINATE,N,,
350,Uptime Robot Service Provider Ltd,Engineering,78.325649975,Website and service uptime monitoring and alerting tool,TERMINATE,N,,
351,Mithras Consultants,Professional Services,77.40417174000001,Business or IT consulting services (primary service unconfirmed),TERMINATE,N,,Flagged as possible individual name — false positive; Mithras Consultants is a consulting firm
352,6Sense Insights Inc,Sales,75.56121527,Account-based marketing (ABM) and buyer intent data platform,TERMINATE,N,,
353,Ico,Legal,67.26791115500001,UK Information Commissioner's Office — mandatory data protection registration fee,TERMINATE,N,,
354,Sportska Udruga Split,G&A,66.34643292,"Sports association membership — employee wellness and sports benefit (Split, Croatia)",TERMINATE,N,,
355,Prezzee,G&A,63.581998215000006,Digital gift card platform — employee recognition and gifting,TERMINATE,N,,
356,Inet Telecoms Ltd.,Facilities,62.660519980000004,Internet and telecommunications services,TERMINATE,N,,
357,Wolt Enterprises Oy,Facilities,61.739041745,"Food delivery platform — office meal ordering for team (Wolt, Finland/Europe)",TERMINATE,N,,
358,Platinum Office D.O.O.,Facilities,61.739041745,Office supplies and stationery services (Croatia — 'Platinum Office'),TERMINATE,N,,
359,Snappy Snaps,G&A,58.97460704,Photo printing and retail services — miscellaneous employee use,TERMINATE,N,,Flagged as possible individual name — false positive; Snappy Snaps is a UK photo printing chain
360,New Block D.O.O.,Engineering,56.210172335,IT or technology services (Croatia — primary service unconfirmed),TERMINATE,N,,
361,Cayman Islands Government,G&A,56.210172335,Government registration or entity compliance fee (Cayman Islands),TERMINATE,N,,
362,Officeworks,G&A,56.210172335,Office supplies and stationery retailer — general office purchases (Australia),TERMINATE,N,,
363,Click Send Pty Ltd,Marketing,55.2886941,"Bulk SMS, email and direct mail marketing services (Australia — ClickSend)",TERMINATE,N,,
364,Kall Kwik Centre 565,Marketing,55.2886941,Print and copy centre — marketing materials and business document printing,TERMINATE,N,,
365,Shilton Hospitality Llp,G&A,55.2886941,Hospitality or hotel services — business travel or team event,TERMINATE,N,,Flagged as possible individual name — false positive; Shilton Hospitality LLP is a hospitality company
366,Axosoft Gitkraken,Engineering,54.367215865,Git client and repository management tool for software developers,TERMINATE,N,,Flagged as possible individual name — false positive; Axosoft/GitKraken is a developer tools company
367,Istra Wine,G&A,53.44573763,Istrian wine retailer — likely for company event or client gift (Croatia),TERMINATE,N,,Flagged as possible individual name — false positive; Istra Wine is a Croatian wine retailer
368,Gophr,Facilities,51.60278116,On-demand courier and last-mile delivery services (UK — Gophr),TERMINATE,N,,
369,Pan-Pek D.O.O.,Facilities,49.75982469,Bakery and food products supplier — office catering provisions (Croatia — Pan-Pek),TERMINATE,N,,
370,Uber *Eats,Facilities,49.75982469,Food delivery platform — office team meal ordering (Uber Eats),TERMINATE,N,,
371,Fedex Express Uk Transportation Ltd,Facilities,46.995389985,International courier and express parcel delivery services (FedEx UK),TERMINATE,N,,
372,Garden City D.O.O.,Facilities,45.152433515,Retail or hospitality services (Croatia — primary service unconfirmed),TERMINATE,N,,
373,Livingstone,G&A,40.54504234,Business services or hospitality provider (primary service unconfirmed),TERMINATE,N,,Flagged as possible individual name — false positive; Livingstone is a company entity
374,Ekupi D.O.O.,G&A,39.623564105,Online marketplace and retail — miscellaneous purchases (Croatia — Ekupi e-commerce),TERMINATE,N,,
375,Farmacia - Specijalizirana Prodavaonica D.O.O.,G&A,35.937651165,Pharmacy and health products retailer — employee wellness or personal care (Croatia),TERMINATE,N,,
376,Cupcake Central (Life Is Sweet Bakery),Facilities,35.01617293,Bakery and dessert catering — team event or office refreshments (Australia),TERMINATE,N,,
377,Post Office Ltd,Facilities,32.251738225000004,Postal services for business correspondence and parcels (UK Post Office),TERMINATE,N,,
378,Currys Pc World,G&A,30.408781755,Consumer electronics and IT retailer — likely office equipment purchase (UK — Currys PC World),TERMINATE,N,,
379,Brodomerkur D.D.,G&A,28.565825285000003,Retail and general supplies store — miscellaneous purchases (Croatia — Brodomerkur),TERMINATE,N,,Flagged as possible individual name — false positive; Brodomerkur D.D. is a Croatian retail company
380,Sport Vision D.O.O.,G&A,25.80139058,Sports goods retailer — employee wellness or team event purchase (Croatia — Sport Vision),TERMINATE,N,,
381,Harissa D.O.O.,Facilities,21.193999405,Restaurant or food catering services (Croatia — 'Harissa' restaurant),TERMINATE,N,,Flagged as possible individual name — false positive; Harissa D.O.O. is a Croatian company
382,Specijalisticka Ordinacija Medicine Rada I Sporta Ina Kardos,G&A,20.27252117,Occupational health and sports medicine specialist clinic (Croatia),TERMINATE,N,,
383,Specijalisticka Ordinacija Medicine Rada Helena Blazic,G&A,20.27252117,Occupational health specialist medical practice (Croatia),TERMINATE,N,,
384,Ustanova Za Medicinu Rada I Sporta Dr. Novacki,G&A,20.27252117,Occupational health and sports medicine institution (Croatia),TERMINATE,N,,
385,M&S Simply Food,Facilities,19.351042935000002,"Grocery and food retailer — office refreshments (M&S Simply Food, UK)",TERMINATE,N,,
386,Bakemono Bakers Melbourne,Facilities,18.4295647,Artisan bakery — office catering or team event refreshments (Melbourne),TERMINATE,N,,
387,Coles,Facilities,17.508086465,Supermarket chain — office grocery and refreshment supplies (Australia — Coles),TERMINATE,N,,
